Cluster_num,DIST,TIME,Total,ROUTE
10,289.200474212596,0.0638282299041748,328.346,"[0, 9, 5, 1, 7, 10, 8, 3, 2, 4, 6, 0]"
9,290.6927618281676,0.028922080993652344,277.875,"[0, 7, 3, 8, 1, 5, 4, 6, 2, 9, 0]"
8,275.7024700426853,0.010968208312988281,209.442,"[0, 2, 7, 8, 4, 3, 5, 1, 6, 0]"
7,273.69474057880575,0.00399017333984375,208.803,"[0, 2, 6, 5, 7, 1, 4, 3, 0]"
6,247.4753751449838,0.0019948482513427734,149.779,"[0, 3, 4, 5, 1, 6, 2, 0]"
5,222.06262068525308,0.0,152.784,"[0, 3, 2, 4, 1, 5, 0]"
4,210.55606948760143,0.0009968280792236328,158.231,"[0, 1, 4, 2, 3, 0]"
