Cluster_num,DIST,TIME,Center
10,356.6827687851513,0.07612276077270508,"[[23.211586   43.19012568]
 [98.83294767 16.8424362 ]
 [95.76578314 99.18402778]
 [71.51434808 18.09661173]
 [40.23902259 81.6891706 ]
 [11.19411688  8.33453695]
 [51.21223241 33.0503031 ]
 [55.651593   16.52750684]
 [64.71902593 11.15229218]
 [20.64727963 50.10705715]]"
9,349.3756848413481,0.02393651008605957,"[[11.19411688  8.33453695]
 [64.71902593 11.15229218]
 [95.76578314 99.18402778]
 [40.23902259 81.6891706 ]
 [21.92943281 46.64859141]
 [98.83294767 16.8424362 ]
 [51.21223241 33.0503031 ]
 [55.651593   16.52750684]
 [71.51434808 18.09661173]]"
8,340.2575314695353,0.00897526741027832,"[[55.651593   16.52750684]
 [95.76578314 99.18402778]
 [21.92943281 46.64859141]
 [11.19411688  8.33453695]
 [98.83294767 16.8424362 ]
 [40.23902259 81.6891706 ]
 [51.21223241 33.0503031 ]
 [68.116687   14.62445195]]"
7,332.3435382755807,0.0029904842376708984,"[[51.21223241 33.0503031 ]
 [40.23902259 81.6891706 ]
 [95.76578314 99.18402778]
 [63.96165567 15.25880358]
 [21.92943281 46.64859141]
 [11.19411688  8.33453695]
 [98.83294767 16.8424362 ]]"
6,315.1772991877714,0.002992868423461914,"[[60.77429986 19.70667846]
 [21.92943281 46.64859141]
 [95.76578314 99.18402778]
 [11.19411688  8.33453695]
 [40.23902259 81.6891706 ]
 [98.83294767 16.8424362 ]]"
5,285.12557111833877,0.0,"[[21.92943281 46.64859141]
 [68.38602942 19.13383001]
 [95.76578314 99.18402778]
 [11.19411688  8.33453695]
 [40.23902259 81.6891706 ]]"
4,250.90047678295934,0.0,"[[95.76578314 99.18402778]
 [68.38602942 19.13383001]
 [18.35099417 33.87723993]
 [40.23902259 81.6891706 ]]"
3,197.08803537397586,0.0,"[[26.56630373 33.67050572]
 [68.00240286 90.43659919]
 [72.67947867 15.65471174]]"
2,103.76402426826748,0.0,"[[72.94932171 32.47552964]
 [23.82300127 45.83022259]]"
