,x_coordinate,y_coordinate
0,50.0,50.0
1,82.33333333333333,56.333333333333336
2,21.0,17.0
3,7.0,81.0
4,63.33333333333333,72.33333333333333
