,x_coordinate,y_coordinate
0,50.0,50.0
1,18.666666666666668,52.666666666666664
2,94.0,38.0
3,83.0,93.0
4,82.0,3.0
5,3.0,17.0
6,43.0,59.5
