,x_coordinate,y_coordinate
0,50.0,50.0
1,46.66666666666667,28.666666666666668
2,90.0,78.5
3,93.0,42.0
4,10.0,51.0
5,70.0,24.0
6,29.0,3.0
7,87.0,5.0
