Cluster_num,DIST,TIME,Total,ROUTE
10,377.6336818065291,0.05585026741027832,213.967,"[0, 8, 5, 3, 1, 6, 4, 9, 10, 2, 7, 0]"
9,369.28860549694724,0.02094554901123047,202.721,"[0, 7, 2, 9, 4, 6, 1, 5, 3, 8, 0]"
8,359.35551848662413,0.00698089599609375,160.931,"[0, 7, 5, 1, 3, 6, 4, 2, 8, 0]"
7,345.89360268366374,0.0029938220977783203,165.747,"[0, 1, 5, 7, 6, 4, 3, 2, 0]"
6,312.7801397009879,0.000997781753540039,178.197,"[0, 3, 6, 5, 1, 2, 4, 0]"
