Cluster_num,DIST,TIME,Total,ROUTE
10,271.5267923013639,0.05485200881958008,301.641,"[0, 3, 5, 10, 6, 1, 8, 7, 4, 2, 9, 0]"
9,270.14251906838587,0.026927471160888672,267.376,"[0, 4, 3, 1, 8, 6, 7, 5, 2, 9, 0]"
8,263.2608415850039,0.008975744247436523,228.14,"[0, 2, 5, 8, 1, 6, 3, 7, 4, 0]"
7,252.04077831451107,0.001993417739868164,225.992,"[0, 1, 5, 7, 3, 2, 4, 6, 0]"
6,246.96456128657576,0.0019960403442382812,170.983,"[0, 3, 1, 6, 5, 2, 4, 0]"
5,236.68043448382082,0.0009968280792236328,157.74,"[0, 4, 2, 3, 1, 5, 0]"
