Cluster_num,DIST,TIME,Total,ROUTE
10,307.2876246405056,0.05086326599121094,309.507,"[0, 4, 9, 7, 10, 2, 3, 6, 5, 1, 8, 0]"
9,307.1291381253049,0.02293848991394043,262.267,"[0, 2, 9, 7, 4, 6, 1, 3, 5, 8, 0]"
8,305.56424595426125,0.00698089599609375,245.096,"[0, 1, 7, 3, 6, 4, 2, 5, 8, 0]"
7,283.12388348395956,0.003988742828369141,182.491,"[0, 5, 2, 6, 1, 4, 3, 7, 0]"
6,285.2062507530593,0.0009975433349609375,252.384,"[0, 1, 4, 6, 2, 5, 3, 0]"
5,279.7376780268994,0.000997304916381836,165.407,"[0, 1, 3, 5, 2, 4, 0]"
